shortnam,africa,lat_abst,rich4,avexpr,logpgp95,logem4,asia,loghjypl,baseco,catho80,muslim80,no_cpm80,f_brit,f_french,sjlofr,avelf,temp1,temp2,temp3,temp4,temp5,humid1,humid2,humid3,humid4,steplow,deslow,stepmid,desmid,drystep,drywint,edes1975,landlock,goldm,iron,silv,zinc,oilres,malfal94,yellow,leb95,imr95,meantemp,lt100km,latabs,euro1900,democ1,cons1,indtime,democ00a,cons00a,other,extmort4,mi_lat_abst,mi_avexpr,mi_logpgp95,mi_logem4,mi_loghjypl,mi_baseco,mi_catho80,mi_muslim80,mi_no_cpm80,mi_f_brit,mi_f_french,mi_sjlofr,mi_avelf,mi_temp1,mi_humid1,mi_steplow,mi_edes1975,mi_goldm,mi_oilres,mi_malfal94,mi_leb95,mi_imr95,mi_meantemp,mi_lt100km,mi_latabs,mi_euro1900,mi_democ1,mi_cons1,mi_indtime,mi_democ00a,mi_cons00a,mi_extmort4
AFG,0,.36666667,0,0,0,4.5400982,1,0,0,0,99.300003,.69999695,1,0,1,.44844118,10,14,40,-21,11,51,80,22,70,1,1,0,0,0,0,0,1,0,0,0,0,0,.0037200002,0,0,0,0,0,0,0,1,1,195,1,1,0,93.699997,0,1,1,0,1,1,0,0,0,0,0,0,0,0,0,0,0,0,0,0,1,1,1,1,1,0,0,0,0,0,0,0
AGO,1,.13666667,0,5.3636365,7.7706451,5.6347895,0,-3.4112477,1,68.699997,0,11.500004,0,0,1,.77275497,26,28,37,14,21,77,84,74,78,1,1,0,0,0,0,0,0,0,0,0,0,146000,.94999999,1,46.490002,125,22.94133,.118758,.136667,8,0,3,20,0,1,0,280,0,0,0,0,0,0,0,0,0,0,0,0,0,0,0,0,0,0,0,0,0,0,0,0,0,0,0,0,0,0,0,0
ARE,0,.26666668,0,7.181818,9.8042192,0,1,0,0,.40000001,94.900002,4.3999987,1,0,0,0,0,0,0,0,0,0,0,0,0,0,0,0,0,0,0,0,0,0,0,0,0,0,.0123,0,0,0,0,0,0,0,0,0,0,0,0,0,0,0,0,0,1,1,1,0,0,0,0,0,0,1,1,0,1,0,1,1,0,1,1,1,1,1,0,1,1,1,1,1,1
ARG,0,.37777779,0,6.3863635,9.1334591,4.232656,0,-.8722738,1,91.599998,.2,5.5000014,0,0,1,.17693181,17,25,40,-6,6,81,92,60,79,1,0,0,1,0,0,90,0,0,0,0,0,46900,0,0,72.889999,21.799999,17.1,.123089,.37777799,60.000004,1,1,170,3,3,0,68.900002,0,0,0,0,0,0,0,0,0,0,0,0,0,0,0,0,0,0,0,0,0,0,0,0,0,0,0,0,0,0,0,0
ARM,0,.44444445,0,0,7.6824822,0,1,0,0,0,0,100,0,0,0,0,8,12,40,-27,10,62,91,36,75,0,0,1,0,0,0,0,0,0,0,0,0,0,0,0,0,0,0,0,0,0,0,0,0,0,0,0,0,0,1,0,1,1,1,0,0,0,0,0,0,1,0,0,0,0,0,0,0,1,1,1,1,1,0,1,1,1,1,1,1
AUS,0,.30000001,1,9.318182,9.8979721,2.1459312,0,-.17078833,1,29.6,.2,46.700001,1,0,0,.11279711,17,18,43,-10,3,56,85,35,64,1,1,0,0,0,0,99,0,3,16,9,12,99100,0,1,78.25,5.5999999,20.9,.19895799,.30000001,98,10,7,94,10,7,1,8.5500002,0,0,0,0,0,0,0,0,0,0,0,0,0,0,0,0,0,0,0,0,0,0,0,0,0,0,0,0,0,0,0,0
AUT,0,.52444446,0,9.727273,9.9748774,0,0,-.34389976,0,88.800003,.60000002,4.099997,0,0,0,.033212252,8,13,38,-23,9,72,86,49,76,0,0,0,0,0,0,100,1,0,0,0,0,11900,0,0,0,0,0,0,0,100,0,0,0,0,0,0,0,0,0,0,1,0,1,0,0,0,0,0,0,0,0,0,0,0,0,0,0,1,1,1,1,1,0,1,1,1,1,1,1
AZE,0,.44777778,0,0,7.3065314,0,1,0,0,0,93.400002,6.5999985,0,0,0,0,14,12,40,-27,10,62,91,36,75,0,0,1,0,0,0,0,1,0,0,0,0,177000,0,0,0,0,0,0,0,0,0,0,0,0,0,0,0,0,1,0,1,1,1,0,0,0,0,0,0,1,0,0,0,0,0,0,0,1,1,1,1,1,0,1,1,1,1,1,1
BDI,1,.036666665,0,0,6.5652652,5.6347895,0,-3.5065579,0,78.300003,.89999998,15.899997,0,0,1,.013333334,24,28,31,17,20,55,82,55,82,0,0,0,0,0,0,0,0,0,0,0,0,0,.94999999,1,0,0,0,0,0,0,3,5,34,0,1,0,280,0,1,0,0,0,1,0,0,0,0,0,0,0,0,0,0,0,0,0,0,1,1,1,1,1,0,0,0,0,0,0,0
BEL,0,.56111109,0,9.681818,9.9928713,0,0,-.17912664,0,90,1.1,8.5,0,0,1,.36383441,10,13,37,-17,6,87,94,65,86,0,0,0,0,0,0,100,0,0,0,0,0,0,0,0,0,0,0,0,0,100,0,0,0,0,0,0,0,0,0,0,1,0,1,0,0,0,0,0,0,0,0,0,0,0,0,0,0,1,1,1,1,1,0,1,1,1,1,1,1
BEN,1,.10333334,0,0,7.0900769,5.5854492,0,-2.8302178,0,18.5,15.2,63.5,0,1,1,.68311918,27,31,35,18,22,83,91,68,78,1,0,0,0,0,0,0,0,0,0,0,0,3930,.94999999,1,0,0,0,0,0,0,4,3,35,0,1,0,266.51999,0,1,0,0,0,1,0,0,0,0,0,0,0,0,0,0,0,0,0,0,1,1,1,1,1,0,0,0,0,0,0,0
BFA,1,.14444445,0,4.4545455,6.84588,5.6347895,0,-3.5404594,1,9,43,46.400002,0,1,1,.54671812,29,38,48,9,19,38,81,19,67,1,0,0,0,0,0,0,1,0,0,0,0,0,.94999999,1,44.389999,98.800003,28.1,0,.144444,0,0,3,35,0,1,0,280,0,0,0,0,0,0,0,0,0,0,0,0,0,0,0,0,0,0,0,0,0,0,0,0,0,0,0,0,0,0,0,0
BGD,0,.26666668,0,5.1363635,6.877296,4.2684379,1,-2.0635681,1,.2,85.900002,13.699999,1,0,0,0,25,29,42,7,24,37,74,37,74,0,0,0,0,0,0,0,0,0,0,0,0,0,.12008,1,58.130001,78.800003,25.686211,.40159801,.26666701,0,8,7,23,0,1,0,71.410004,0,0,0,0,0,0,0,0,0,0,0,0,0,0,0,0,0,0,0,0,0,0,0,0,0,0,0,0,0,0,0,0
BGR,0,.47777778,0,8.909091,8.4574432,0,0,0,0,.5,10.6,88.5,0,0,0,.11574074,9,16,37,-21,8,71,90,46,78,0,0,0,0,0,0,100,0,0,0,0,0,34,0,0,0,0,0,0,0,100,0,0,0,0,0,0,0,0,0,0,1,1,1,0,0,0,0,0,0,0,0,0,0,0,0,0,0,1,1,1,1,1,0,1,1,1,1,1,1
BHR,0,.2888889,0,8,9.6859531,0,1,0,0,.80000001,95,3.3,1,0,0,0,25,29,45,5,24,69,85,63,77,0,1,0,0,0,0,0,0,0,0,0,0,131000,0,0,0,0,0,0,0,0,0,0,0,0,0,0,0,0,0,0,1,1,1,0,0,0,0,0,0,1,0,0,0,0,0,0,1,1,1,1,1,1,0,1,1,1,1,1,1
BHS,0,.26833332,0,7.5,9.2854481,4.4426513,0,0,1,25.5,0,27.300003,1,0,0,0,25,29,34,5,19,79,84,62,73,0,0,0,0,0,0,10,0,0,0,0,0,0,0,1,0,0,0,0,0,10,0,0,0,0,0,0,85,0,0,0,0,1,0,0,0,0,0,0,0,0,0,0,0,0,0,0,1,1,1,1,1,1,0,1,1,1,1,1,0
BIH,0,.48888889,0,0,0,0,0,0,0,15,40,41,0,0,0,0,10,20,41,-22,7,70,93,40,77,0,0,0,0,0,0,100,0,0,0,0,0,0,0,0,0,0,0,0,0,100,0,0,0,0,0,0,0,0,1,1,1,1,1,0,0,0,0,0,0,1,0,0,0,0,0,0,0,1,1,1,1,1,0,1,1,1,1,1,1
BLR,0,.58888888,0,0,8.340456,0,0,0,0,14,0,86,0,0,0,0,4,2,32,-32,5,58,87,43,83,0,0,0,0,0,0,100,1,0,0,0,0,0,0,0,0,0,0,0,0,100,0,0,0,0,0,0,0,0,1,0,1,1,1,0,0,0,0,0,0,1,0,0,0,0,0,0,0,1,1,1,1,1,0,1,1,1,1,1,1
BLZ,0,.19055556,0,0,8.3779316,5.0955892,0,0,0,66.800003,0,19.999996,1,0,0,.40909091,26,32,36,9,18,90,94,86,91,0,0,0,0,0,0,20,0,0,0,0,0,0,.012479999,1,0,0,0,0,0,20,0,0,0,0,1,0,163.3,0,1,0,0,1,1,0,0,0,0,0,0,0,0,0,0,0,0,0,0,1,1,1,1,1,0,1,1,1,1,0,0
BOL,0,.18888889,0,5.6363635,7.9266024,4.2626801,0,-1.9661129,1,92.5,0,5.1999998,0,0,1,.59941179,12,21,27,-3,2,77,93,49,74,0,0,0,0,0,0,30.000002,1,0,0,0,0,14300,.00165,1,61.389999,65.599998,21.5,0,.188889,30.000002,1,3,170,4,3,0,71,0,0,0,0,0,0,0,0,0,0,0,0,0,0,0,0,0,0,0,0,0,0,0,0,0,0,0,0,0,0,0,0
BRA,0,.11111111,0,7.909091,8.7274542,4.2626801,0,-1.1425642,1,87.800003,.1,8.0999966,0,0,1,.055780932,25,32,39,10,18,82,87,68,74,1,0,0,0,0,0,55,0,2,.1,0,1,19400,.035999998,1,66.779999,42.400002,23.700001,.092515998,.111111,40,1,1,171,1,3,0,71,0,0,0,0,0,0,0,0,0,0,0,0,0,0,0,0,0,0,0,0,0,0,0,0,0,0,0,0,0,0,0,0
BRB,0,.14555556,0,0,9.2667208,4.4426513,0,-.90634036,0,5.9000001,.2,60.700001,1,0,0,.07333333,26,31,33,16,21,67,79,64,78,0,0,0,0,0,0,20,0,0,0,0,0,21000,0,1,0,0,0,0,0,20,0,0,0,0,1,0,85,0,1,0,0,0,1,0,0,0,0,0,0,0,0,0,0,0,0,0,1,1,1,1,1,1,0,1,1,1,1,0,0
BTN,0,.30333331,0,0,0,0,0,0,0,0,5,95,1,0,0,.4375,17,24,36,-2,18,68,90,53,84,0,0,0,0,0,0,0,1,0,0,0,0,0,.41799998,0,0,0,0,0,0,0,0,1,88,0,1,0,0,0,1,1,1,1,1,0,0,0,0,0,0,0,0,0,0,0,0,0,0,1,1,1,1,1,0,0,0,0,0,0,1
BWA,1,.24444444,0,7.7272725,8.855093,0,0,-2.3644605,0,9.3999996,0,63.799999,1,0,0,.3775,20,31,42,-4,10,55,74,55,74,1,0,0,0,0,0,0,1,0,0,0,0,0,.30399999,1,0,0,0,0,0,0,10,7,29,0,1,0,0,0,0,0,1,0,1,0,0,0,0,0,0,0,0,0,0,0,0,0,0,1,1,1,1,1,0,0,0,0,0,0,1
CAF,1,.077777781,0,0,7.192934,5.6347895,0,-3.4112477,0,33.099998,3.2,13.700002,0,1,1,.78555554,27,34,38,14,18,90,96,49,72,0,0,0,0,0,0,0,1,0,0,0,0,0,.94999999,1,0,0,0,0,0,0,0,1,35,0,1,0,280,0,1,0,0,0,1,0,0,0,0,0,0,0,0,0,0,0,0,0,0,1,1,1,1,1,0,0,0,0,0,0,0
CAN,0,.66666669,1,9.727273,9.9864492,2.7788193,0,-.060812157,1,46.599998,.60000002,23.200001,1,0,0,.37618759,4,12,39,-37,3,76,90,40,76,0,0,1,0,0,0,98,0,4,7,13,15,185000,0,0,78.980003,6,-.2,.021164,.66666698,99,7,7,128,9,7,0,16.1,0,0,0,0,0,0,0,0,0,0,0,0,0,0,0,0,0,0,0,0,0,0,0,0,0,0,0,0,0,0,0,0
CHE,0,.52222222,0,10,10.120211,0,0,-.13467489,0,52.799999,.30000001,3.7,0,0,0,.30759802,9,15,38,-23,7,80,92,51,76,0,0,0,0,0,0,100,1,0,0,0,0,0,0,0,0,0,0,0,0,100,0,0,0,0,0,0,0,0,0,0,1,0,1,0,0,0,0,0,0,0,0,0,0,0,0,0,0,1,1,1,1,1,0,1,1,1,1,1,1
CHL,0,.33333334,0,7.818182,9.336092,4.232656,0,-1.3356012,1,82.099998,0,16.000002,0,0,1,.050625,17,27,37,-4,6,70,93,38,64,1,1,0,0,0,0,50,0,0,0,0,0,21700,0,0,74.940002,12.8,13.4,.660182,.33333299,50,1,1,177,5,7,0,68.900002,0,0,0,0,0,0,0,0,0,0,0,0,0,0,0,0,0,0,0,0,0,0,0,0,0,0,0,0,0,0,0,0
CHN,0,.3888889,0,7.7727275,7.8860812,4.7706847,1,-2.8134108,0,0,2.4000001,97.599998,0,0,0,.23332645,11,13,43,-23,15,46,74,46,74,0,0,1,1,0,0,0,0,0,5,0,3,19800,.0138,0,0,0,0,0,0,0,0,0,0,0,0,0,118,0,0,0,0,0,1,0,0,0,0,0,0,0,0,0,0,0,0,0,0,1,1,1,1,1,0,1,1,1,1,1,0
CIV,1,.088888891,0,7,7.4442487,6.5042882,0,-2.3330443,1,18.5,24,52.799999,0,1,1,.85652989,26,31,36,15,20,93,96,71,82,0,0,0,0,0,0,0,0,0,0,0,0,7460,.94999999,1,46.720001,87.300003,26.0907,.171056,.088889003,0,0,1,35,0,1,0,668,0,0,0,0,0,0,0,0,0,0,0,0,0,0,0,0,0,0,0,0,0,0,0,0,0,0,0,0,0,0,0,0
CMR,1,.06666667,0,6.4545455,7.5010819,5.6347895,0,-2.5770221,1,35,22,24.9,0,0,1,.85204548,25,31,36,14,17,97,98,62,75,0,0,0,0,0,0,0,0,0,0,0,0,31900,.94999999,1,54.73,74.400002,24.433331,.098240003,.066666998,0,0,3,35,0,1,0,280,0,0,0,0,0,0,0,0,0,0,0,0,0,0,0,0,0,0,0,0,0,0,0,0,0,0,0,0,0,0,0,0
COG,1,.011111111,0,4.681818,7.420579,5.480639,0,-2.1037343,1,53.900002,.40000001,20.799999,0,1,1,.66927534,25,32,37,12,19,77,89,54,71,0,0,0,0,0,0,0,0,0,0,0,0,338000,.94999999,1,48.549999,89.5,24.751511,.047892999,.011111,0,5,4,35,0,1,0,240,0,0,0,0,0,0,0,0,0,0,0,0,0,0,0,0,0,0,0,0,0,0,0,0,0,0,0,0,0,0,0,0
COL,0,.044444446,0,7.318182,8.8098631,4.2626801,0,-1.3318062,1,96.599998,.2,2.3000016,0,0,1,.05579602,14,22,24,4,7,82,88,51,64,0,0,0,0,0,0,25,0,0,0,0,0,57,.14637001,1,70.43,30,22.5,.159722,.044443998,20,4,3,163,3,5,0,71,0,0,0,0,0,0,0,0,0,0,0,0,0,0,0,0,0,0,0,0,0,0,0,0,0,0,0,0,0,0,0,0
COM,1,.13444445,0,0,7.3839893,0,0,-3.3524072,0,.1,99.699997,.10000305,0,1,1,1,26,30,33,19,22,74,79,74,78,0,0,0,0,0,0,5,0,0,0,0,0,0,.94999999,1,0,0,0,0,0,5,5,5,20,0,1,0,0,0,1,0,1,0,1,0,0,0,0,0,0,0,0,0,0,0,0,0,0,1,1,1,1,1,0,0,0,0,0,0,1
CPV,1,.17777778,0,0,7.9793391,0,0,-2.5770221,0,95.900002,0,1.0999985,0,0,1,.375,25,30,34,13,22,58,74,54,73,0,0,0,0,0,0,5,0,0,0,0,0,0,0,1,0,0,0,0,0,5,0,0,0,0,0,0,0,0,1,0,1,0,1,0,0,0,0,0,0,0,0,0,0,0,0,0,0,1,1,1,1,1,0,1,1,1,1,1,1
CRI,0,.11111111,0,7.0454545,8.7948246,4.3579903,0,-1.3586792,1,90.5,0,3.6999998,0,0,1,.053214286,21,29,33,9,14,80,92,55,78,0,0,0,0,0,0,20,0,0,0,0,0,0,0,1,76.029999,12.1,25.1,1,.111111,20,0,3,157,10,7,0,78.099998,0,0,0,0,0,0,0,0,0,0,0,0,0,0,0,0,0,0,0,0,0,0,0,0,0,0,0,0,0,0,0,0
CZE,0,.54944444,0,8.863636,9.2043219,0,0,-1.5558971,0,39.200001,0,56.200001,0,0,0,0,5,13,38,-28,6,74,87,45,78,0,0,0,0,0,0,100,1,0,0,0,0,0,0,0,0,0,0,0,0,100,0,0,0,0,0,0,0,0,0,0,1,0,1,0,0,0,0,0,0,1,0,0,0,0,0,0,0,1,1,1,1,1,0,1,1,1,1,1,1
DEU,0,.56666666,0,0,9.9354706,0,0,-.20089293,0,35,.02,18.579998,0,0,0,.0437553,8,14,38,-24,8,78,91,50,81,0,0,0,0,0,0,100,0,0,0,0,0,5580,0,0,0,0,0,0,0,100,0,0,0,0,0,0,0,0,1,0,1,0,1,0,0,0,0,0,0,0,0,0,0,0,0,0,0,1,1,1,1,1,0,1,1,1,1,1,1
DJI,1,.12555556,0,0,0,3.2580965,0,0,0,6.6999998,90.599998,2.5000017,0,1,1,.71428573,32,34,47,17,23,57,84,43,74,1,0,0,0,0,0,0,0,0,0,0,0,0,.94999999,1,0,0,0,0,0,0,0,0,0,0,0,0,26,0,1,1,0,1,1,0,0,0,0,0,0,0,0,0,0,1,0,0,0,1,1,1,1,1,0,1,1,1,1,1,0
DNK,0,.62222224,0,9.727273,10.005592,0,0,-.37106368,0,.60000002,.2,4.0000029,0,0,0,.0275,8,10,33,-24,8,70,89,59,87,0,0,0,0,0,0,100,0,0,0,0,0,141000,0,0,0,0,0,0,0,100,0,0,0,0,0,0,0,0,0,0,1,0,1,0,0,0,0,0,0,0,0,0,0,0,0,0,0,1,1,1,1,1,0,1,1,1,1,1,1
DOM,0,.21111111,0,6.181818,8.3640423,4.8675346,0,-1.5798792,1,96.599998,0,2.0000014,0,1,1,.010830564,26,33,37,15,20,88,92,58,66,0,0,0,0,0,0,25,0,0,0,0,0,0,0,1,70.610001,33.599998,25.6,1,.21111099,25,1,3,151,1,3,0,130,0,0,0,0,0,0,0,0,0,0,0,0,0,0,0,0,0,0,0,0,0,0,0,0,0,0,0,0,0,0,0,0
DZA,1,.31111112,0,6.5,8.3893595,4.3592696,0,-1.1147417,1,.5,99.099998,.40000153,0,1,1,.29372403,21,24,42,0,1,67,75,57,66,0,1,0,0,0,0,0,0,0,0,0,0,339000,0,0,68.889999,43.799999,19.299999,.047185998,.311111,13,0,2,33,0,1,0,78.199997,0,0,0,0,0,0,0,0,0,0,0,0,0,0,0,0,0,0,0,0,0,0,0,0,0,0,0,0,0,0,0,0
ECU,0,.022222223,0,6.5454545,8.4701014,4.2626801,0,-1.4396951,1,96.400002,0,1.6999985,0,0,1,.32535714,15,26,30,0,4,80,94,40,60,0,0,1,0,0,0,30.000002,0,0,0,0,0,141,.11894999,0,69.519997,45.599998,19.1,.368411,.022221999,30.000002,1,3,165,1,3,0,71,0,0,0,0,0,0,0,0,0,0,0,0,0,0,0,0,0,0,0,0,0,0,0,0,0,0,0,0,0,0,0,0
EGY,1,.30000001,0,6.7727275,7.9515595,4.2165623,0,-1.6766466,1,.2,81.800003,17.799997,1,0,1,.023061818,24,31,47,1,17,50,70,18,41,0,1,0,0,0,0,0,0,0,0,0,0,111000,0,0,66.269997,50.5,22.6,.239163,.30000001,0,0,1,184,7,7,0,67.800003,0,0,0,0,0,0,0,0,0,0,0,0,0,0,0,0,0,0,0,0,0,0,0,0,0,0,0,0,0,0,0,0
ERI,1,.16666667,0,0,6.6200733,0,0,0,0,0,33,0,0,0,1,0,31,33,44,17,23,56,83,44,74,0,0,0,0,0,0,0,0,0,0,0,0,0,.73149997,1,0,0,0,0,0,0,0,0,0,0,0,0,0,0,1,0,1,1,1,0,0,1,0,0,0,1,0,0,0,0,0,0,0,1,1,1,1,1,0,1,1,1,1,1,1
ESP,0,.44444445,0,9.681818,9.6184683,0,0,-.38272566,0,96.900002,0,2.9999986,0,0,1,.27451614,15,16,39,-10,8,58,86,33,71,0,0,0,0,0,0,100,0,0,0,0,3,575,0,0,0,0,0,0,0,100,0,0,0,0,0,0,0,0,0,0,1,0,1,0,0,0,0,0,0,0,0,0,0,0,0,0,0,1,1,1,1,1,0,1,1,1,1,1,1
EST,0,.65555555,0,0,8.3938951,0,0,0,0,2,.0099999998,31.99,0,0,0,0,5,7,33,-33,5,70,91,58,89,0,0,0,0,0,0,100,0,0,0,0,0,0,0,0,0,0,0,0,0,100,0,0,0,0,0,0,0,0,1,0,1,1,1,0,0,0,0,0,0,1,0,0,0,0,0,1,0,1,1,1,1,1,0,1,1,1,1,1,1
ETH,1,.088888891,0,5.7272725,6.1092477,3.2580965,0,0,1,.69999999,31.4,64.099998,0,0,1,.67708248,17,27,34,0,7,56,86,33,73,0,0,0,0,0,0,0,0,0,0,0,0,0,.551,1,43.32,116,0,.021018,.088889003,0,0,1,49,5,7,0,26,0,0,0,0,1,0,0,0,0,0,0,0,0,0,0,0,0,0,0,0,0,0,1,0,0,0,0,0,0,0,0,0
FIN,0,.71111113,0,9.727273,9.826066,0,0,-.30924621,0,.1,0,6.8000016,0,0,0,.105,5,7,33,-33,5,70,91,58,89,0,0,0,0,0,0,100,0,0,0,0,0,0,0,0,0,0,0,0,0,100,0,0,0,0,0,0,0,0,0,0,1,0,1,0,0,0,0,0,0,0,0,0,0,0,0,0,0,1,1,1,1,1,0,1,1,1,1,1,1
FJI,0,.2,0,0,8.3015213,2.4336133,0,-1.2982835,0,9,7.8000002,44.100002,1,0,0,.80000001,25,32,37,13,19,76,82,73,79,0,0,0,0,0,0,0,0,0,0,0,0,0,0,0,0,0,0,0,0,0,9,7,25,0,1,1,11.4,0,1,0,0,0,1,0,0,0,0,0,0,0,0,0,0,1,0,0,1,1,1,1,1,1,1,0,0,0,0,0,0
FRA,0,.51111114,0,9.727273,9.9636412,1.0577903,0,-.20089293,0,76.400002,3,18.199999,0,0,1,.14548394,13,15,40,-15,9,82,91,54,82,0,0,0,0,0,0,100,0,0,1,0,0,3090,0,0,0,0,0,0,0,100,0,0,0,0,0,0,2.8800001,0,0,0,0,0,1,0,0,0,0,0,0,0,0,0,0,0,0,0,0,1,1,1,1,1,0,1,1,1,1,1,0
GAB,1,.011111111,0,7.818182,8.9078827,5.6347895,0,-1.8515095,1,65.199997,.80000001,15.200004,0,1,1,.79666668,27,33,37,17,19,85,95,69,79,0,0,0,0,0,0,0,0,0,0,0,0,579000,.94050002,1,52.419998,87.300003,24.5,.26179099,.011111,0,0,2,35,0,1,0,280,0,0,0,0,0,0,0,0,0,0,0,0,0,0,0,0,0,0,0,0,0,0,0,0,0,0,0,0,0,0,0,0
GBR,0,.60000002,0,9.772727,9.87817,.93609333,0,-.31882879,0,13.1,1.4,69.400002,0,0,0,.10628459,12,14,34,-10,7,70,87,56,81,0,0,0,0,0,0,100,0,0,0,0,0,71700,0,0,0,0,0,0,0,100,0,0,0,0,0,0,2.55,0,0,0,0,0,1,0,0,0,0,0,0,0,0,0,0,0,0,0,0,1,1,1,1,1,0,1,1,1,1,1,0
GEO,0,.46666667,0,0,7.3714895,0,1,0,0,1,11,88,0,0,0,0,13,20,40,-15,14,57,80,40,65,0,0,1,0,0,0,100,0,0,0,0,0,0,0,0,0,0,0,0,0,100,0,0,0,0,0,0,0,0,1,0,1,1,1,0,0,0,0,0,0,1,0,0,0,0,0,0,0,1,1,1,1,1,0,1,1,1,1,1,1
GHA,1,.088888891,0,6.2727275,7.36518,6.5042882,0,-2.9565115,1,18.700001,15.7,39.799999,1,0,0,.70607078,27,32,38,15,21,95,97,61,77,1,0,0,0,0,0,0,0,0,0,0,0,30,.94999999,1,60,65.800003,26.35758,.192991,.088889003,0,0,1,35,0,1,0,668,0,0,0,0,0,0,0,0,0,0,0,0,0,0,0,0,0,0,0,0,0,0,0,0,0,0,0,0,0,0,0,0
GIN,1,.12222222,0,6.5454545,7.4899707,6.1800165,0,-3.1465552,1,1.1,69,29.799999,0,1,1,.75983,27,31,36,17,21,83,94,63,87,0,0,0,0,0,0,0,0,0,0,0,0,0,.94999999,1,46.5,124,24.43889,.140641,.122222,0,0,1,37,0,1,0,483,0,0,0,0,0,0,0,0,0,0,0,0,0,0,0,0,0,0,0,0,0,0,0,0,0,0,0,0,0,0,0,0
GMB,1,.14755556,0,8.272727,7.2723985,7.2930179,0,-3.0365543,1,1.9,84.800003,12.899997,1,0,0,.78037035,24,33,41,7,21,66,95,26,78,0,0,0,0,0,0,0,0,0,0,0,0,0,.94999999,1,47,122,25.66596,.39976999,.14755601,0,10,7,30,0,1,0,1470,0,0,0,0,0,0,0,0,0,0,0,0,0,0,0,0,0,0,0,0,0,0,0,0,0,0,0,0,0,0,0,0
GNB,1,.13333334,0,4.5454545,0,5.1038828,0,-3.2441936,0,10.2,38.299999,50.900002,0,0,1,.85000002,28,35,43,13,21,70,87,45,74,0,0,0,0,0,0,0,0,0,0,0,0,0,.94999999,1,0,0,0,0,0,0,0,3,21,0,1,0,164.66,0,0,1,0,0,1,0,0,0,0,0,0,0,0,0,0,0,0,0,0,1,1,1,1,1,0,0,0,0,0,0,0
GRC,0,.43333334,0,7.818182,9.3976498,0,0,-.7571525,0,.40000001,1.5,98,0,0,1,.077777781,19,21,43,-6,16,47,78,34,63,0,0,0,0,0,0,100,0,0,0,0,0,4010,0,0,0,0,0,0,0,100,0,0,0,0,0,0,0,0,0,0,1,0,1,0,0,0,0,0,0,0,0,0,0,0,0,0,0,1,1,1,1,1,0,1,1,1,1,1,1
GTM,0,.17,0,5.1363635,8.2940493,4.2626801,0,-1.5606477,1,94,0,1.0999999,0,0,1,.47666666,19,28,32,5,12,81,92,51,72,0,0,0,0,0,0,20,0,0,0,0,0,2700,.0036000002,1,64.040001,46,21.700001,.42545801,.17,20,1,1,156,0,1,0,71,0,0,0,0,0,0,0,0,0,0,0,0,0,0,0,0,0,0,0,0,0,0,0,0,0,0,0,0,0,0,0,0
GUY,0,.055555556,0,5.8863635,7.9047041,3.4713452,0,-2.2537949,1,18,9,55,1,0,0,.23777778,27,31,34,20,22,83,93,69,77,0,0,0,0,0,0,2,0,0,0,0,0,0,.49503002,1,0,0,0,0,0,2,5,7,29,0,1,0,32.18,0,0,0,0,0,0,0,0,0,0,0,0,0,0,0,0,0,0,0,0,1,1,1,1,1,0,0,0,0,0,0,0
HKG,0,.24611111,0,8.136364,10.04975,2.7013612,1,-.49758044,1,7.9000001,.5,84.099998,1,0,0,.23682119,21,26,36,0,22,73,87,60,78,0,0,0,0,0,0,0,0,0,0,0,0,0,0,0,0,0,22.6,1,.24611101,4,0,0,0,0,0,0,14.9,0,0,0,0,0,0,0,0,0,0,0,0,0,0,0,0,0,0,0,0,1,1,0,0,0,0,1,1,1,1,1,0
HND,0,.16666667,0,5.318182,7.6870804,4.3579903,0,-2.040221,1,95.800003,.1,1.499997,0,0,1,.097359307,22,25,30,14,18,79,91,43,70,0,0,0,0,0,0,20,0,0,0,0,0,0,.012,1,69.400002,35,25.4,.66860199,.166667,20,1,3,156,6,5,0,78.099998,0,0,0,0,0,0,0,0,0,0,0,0,0,0,0,0,0,0,0,0,0,0,0,0,0,0,0,0,0,0,0,0
HRV,0,.50111109,0,0,8.4184771,0,0,0,0,76.5,1.2,21.9,0,0,0,0,12,20,42,-25,8,71,85,46,76,0,0,0,0,0,0,100,0,0,0,0,0,0,0,0,0,0,0,0,0,100,0,0,0,0,0,0,0,0,1,0,1,1,1,0,0,0,0,0,0,1,0,0,0,0,0,1,0,1,1,1,1,1,0,1,1,1,1,1,1
HTI,0,.21111111,0,3.7272727,7.1467724,4.8675346,0,-2.8647039,1,82.599998,0,4.6000013,0,1,1,.064404763,27,34,38,16,20,68,79,43,56,0,0,0,0,0,0,0,0,0,0,0,0,0,1,1,53.75,67.699997,26.58033,1,.21111099,0,0,1,175,0,1,0,130,0,0,0,0,0,0,0,0,0,0,0,0,0,0,0,0,0,0,0,0,0,0,0,0,0,0,0,0,0,0,0,0
HUN,0,.52222222,0,9,8.8098631,0,0,-1.1809075,0,53.900002,0,24.499998,0,0,0,.065079369,9,14,39,-23,8,71,88,47,81,0,0,0,0,0,0,100,1,0,0,0,0,14000,0,0,0,0,0,0,0,100,0,0,0,0,0,0,0,0,0,0,1,0,1,0,0,0,0,0,0,0,0,0,0,0,0,0,0,1,1,1,1,1,0,1,1,1,1,1,1
IDN,0,.055599999,0,7.590909,8.0709057,5.1357985,1,-2.2072749,1,2.7,43.400002,49.099998,0,0,1,.74219751,28,33,37,19,21,90,95,61,75,0,0,0,0,0,0,0,0,0,0,0,0,29700,.17873,1,65.129997,48.400002,26.799999,.74576002,.055555999,0,0,1,50,0,1,0,170,0,0,0,0,0,0,0,0,0,0,0,0,0,0,0,0,0,0,0,0,0,0,0,0,0,0,0,0,0,0,0,0
IND,0,.22220001,0,8.272727,7.3260002,3.8842406,1,-2.453408,1,1.3,11.6,86,1,0,0,.69056785,24,28,46,-1,22,35,80,19,64,1,0,0,0,0,0,0,0,0,5,0,7,6750,.23596001,0,62.59,72.300003,25.9,.156776,.222222,0,9,7,45,0,1,0,48.630001,0,0,0,0,0,0,0,0,0,0,0,0,0,0,0,0,0,0,0,0,0,0,0,0,0,0,0,0,0,0,0,0
IRL,0,.58888888,0,9.727273,9.7693844,0,0,-.54991299,0,95.300003,0,3.599997,1,0,0,.09035714,9,14,30,-12,3,75,88,75,88,0,0,0,0,0,0,100,0,0,0,0,3,0,0,0,0,0,0,0,0,0,0,0,0,0,0,0,0,0,0,0,1,0,1,0,0,0,0,0,0,0,0,0,0,0,0,0,0,1,1,1,1,1,1,1,1,1,1,1,1
IRN,0,.35555556,0,4.7727275,8.6052036,0,1,-1.22078,0,.1,97.900002,1.9999985,0,0,1,0,15,18,43,-21,15,47,77,39,75,1,1,0,0,0,0,0,0,0,0,0,1,1470,.119,0,0,0,0,0,0,0,0,0,0,0,0,0,0,0,0,0,1,0,1,0,0,0,0,0,0,1,0,0,0,0,0,0,0,1,1,1,1,1,0,1,1,1,1,1,1
IRQ,0,.36666667,0,1.6363636,0,0,1,0,0,1.8,95.800003,2.399997,1,0,1,0,21,25,49,-8,18,32,84,12,52,1,0,0,0,0,0,0,0,0,0,0,0,5020000,.0072799996,0,0,0,0,0,0,0,0,0,0,0,0,0,0,0,0,1,1,1,1,0,0,0,0,0,0,1,0,0,0,0,0,0,0,1,1,1,1,1,0,1,1,1,1,1,1
ISL,0,.72222221,0,9.727273,9.9436693,0,0,-.31471071,0,.69999999,0,2.7000015,0,0,0,.1,5,10,23,-17,1,75,83,67,80,0,0,0,0,0,0,100,0,0,0,0,0,0,0,0,0,0,0,0,0,100,0,0,0,0,0,0,0,0,0,0,1,0,1,0,0,0,0,0,0,0,0,0,0,0,0,0,0,1,1,1,1,1,0,1,1,1,1,1,1
ISR,0,.34777778,0,8.545455,9.7841406,0,1,-.41703176,0,1,8,90.800003,1,0,0,.32705572,20,25,42,-3,11,47,77,32,66,0,1,0,0,0,0,0,0,0,0,0,0,0,0,0,0,0,0,0,0,0,0,0,0,0,0,0,0,0,0,0,1,0,1,0,0,0,0,0,0,0,0,0,0,0,0,0,0,1,1,1,1,1,0,1,1,1,1,1,1
ITA,0,.47222221,0,9.454545,9.8979721,0,0,-.18152189,0,83.199997,.1,16.300003,0,0,1,.038868155,17,19,40,-6,12,70,87,42,70,0,0,0,0,0,0,100,0,0,0,0,0,12900,0,0,0,0,0,0,0,100,0,0,0,0,0,0,0,0,0,0,1,0,1,0,0,0,0,0,0,0,0,0,0,0,0,0,0,1,1,1,1,1,0,1,1,1,1,1,1
JAM,0,.20166667,0,7.090909,8.1886892,4.8675346,0,-2.040221,1,9.6000004,.1,34.799999,1,0,0,.0125,26,33,36,14,20,77,88,61,73,0,0,0,0,0,0,10,0,0,0,0,0,0,0,1,74.82,21.9,26.5,1,.201667,1.9,10,7,36,0,1,0,130,0,0,0,0,0,0,0,0,0,0,0,0,0,0,0,0,0,0,0,0,0,0,0,0,0,0,0,0,0,0,0,0
JOR,0,.34444445,0,6.7727275,8.1718817,0,1,-.87707001,0,1.7,93,5,1,0,1,.029719381,19,24,43,-6,13,39,80,28,56,0,1,0,0,0,0,0,0,0,0,0,0,899,0,0,0,0,0,0,0,0,0,0,0,0,0,0,0,0,0,0,1,0,1,0,0,0,0,0,0,0,0,0,0,0,0,0,0,1,1,1,1,1,0,1,1,1,1,1,1
JPN,0,.40000001,0,9.727273,10.034077,0,1,-.53273046,0,.60000002,0,98.5,0,0,0,.0098802773,15,22,38,-8,16,71,92,48,69,0,0,0,0,0,0,0,0,0,0,0,3,480,0,0,0,0,0,0,0,0,0,0,0,0,0,0,0,0,0,0,1,0,1,0,0,0,0,0,0,0,0,0,0,0,0,0,0,1,1,1,1,1,0,1,1,1,1,1,1
KAZ,0,.53333336,0,0,8.1315308,0,1,0,0,3,47,48,0,0,0,0,5,5,42,-33,10,58,91,34,80,0,0,1,1,0,0,0,1,0,0,0,0,0,0,0,0,0,0,0,0,0,0,0,0,0,0,0,0,0,1,0,1,1,1,0,0,0,0,0,0,1,0,0,0,1,0,0,0,1,1,1,1,1,1,1,1,1,1,1,1
KEN,1,.011111111,0,6.0454545,7.0561752,4.9767337,0,-2.8824036,1,26.4,6,48.300003,1,0,0,.82696486,18,26,31,5,11,74,89,40,62,1,1,0,0,0,0,0,0,0,0,0,0,0,.79799998,1,52.040001,65.5,22.6,.082503997,.011111,0,5,5,32,0,1,0,145,0,0,0,0,0,0,0,0,0,0,0,0,0,0,0,0,0,0,0,0,0,0,0,0,0,0,0,0,0,0,0,0
KGZ,0,.45555556,0,0,7.5755849,0,1,0,0,0,70,30,0,0,0,0,2,12,38,-34,7,65,87,39,72,1,0,0,0,0,0,0,1,0,0,0,0,0,0,0,0,0,0,0,0,0,0,0,0,0,0,0,0,0,1,0,1,1,1,0,0,0,0,0,0,1,0,0,0,1,0,0,0,1,1,1,1,1,1,1,1,1,1,1,1
KOR,0,.41111112,0,8.636364,9.4157276,4.7706847,1,-.96758401,0,3.9000001,0,83.900002,0,0,0,0,11,12,37,-24,14,77,91,46,67,0,0,0,0,0,0,0,0,0,0,0,0,0,0,0,0,0,0,0,0,0,0,0,0,0,0,0,118,0,0,0,0,0,1,0,0,0,0,0,0,0,0,0,0,0,0,0,0,1,1,1,1,1,0,1,1,1,1,1,0
KWT,0,.32555553,0,7.0454545,9.8036671,0,1,0,0,2.0999999,95.099998,2.7000017,1,0,1,0,25,26,48,1,26,45,77,41,65,1,1,0,0,0,0,0,0,0,0,0,0,0,0,0,0,0,0,0,0,0,0,0,0,0,0,0,0,0,0,0,1,1,1,0,0,0,0,0,0,1,0,0,0,0,0,0,0,1,1,1,1,1,0,1,1,1,1,1,1
LAO,0,.2,0,0,7.0900769,4.9416423,1,0,0,.80000001,1,98,0,1,1,.25,26,33,40,4,21,71,87,71,87,0,0,0,0,0,0,0,1,0,0,0,0,0,.86300004,1,0,0,0,0,0,0,8,5,37,0,1,0,140,0,1,0,0,1,1,0,0,0,0,0,0,0,0,0,0,0,0,0,0,1,1,1,1,1,0,0,0,0,0,0,0
LBR,1,.07,0,3.6363637,0,6.1800165,0,0,0,1.9,21.200001,58.299999,0,0,0,.80305529,25,29,34,13,20,87,95,76,86,0,0,0,0,0,0,0,0,0,.80000001,0,0,0,.94999999,1,0,0,0,0,0,0,7,7,148,1,4,0,483,0,0,1,0,1,1,0,0,0,0,0,0,0,0,0,0,0,0,0,0,1,1,1,1,1,0,0,0,0,0,0,0
LBY,1,.27777779,0,5.2727275,0,0,0,0,0,.2,98.099998,1.6000016,0,0,1,.12140572,24,28,46,1,17,54,72,53,72,0,1,0,0,0,0,0,0,0,0,0,0,4500000,0,0,0,0,0,0,0,0,0,3,44,0,1,0,0,0,0,1,1,1,1,0,0,0,0,0,0,0,0,0,0,0,0,0,0,1,1,1,1,1,0,0,0,0,0,0,1
LKA,0,.077777781,0,6.0454545,7.7319307,4.2456341,1,-1.8643302,1,6.8000002,7.1999998,85.599998,1,0,0,.32574692,27,31,36,15,22,71,80,66,78,0,0,0,0,0,0,0,0,0,0,0,0,0,.138,1,73.110001,17.6,27.6,.99361998,.077777997,0,7,7,47,0,1,0,69.800003,0,0,0,0,0,0,0,0,0,0,0,0,0,0,0,0,0,0,0,0,0,0,0,0,0,0,0,0,0,0,0,0
LSO,1,.32555553,0,0,7.3065314,0,0,-2.7646205,0,43.5,0,26.700001,1,0,0,.2097619,16,23,38,-9,6,51,75,25,42,0,0,0,0,0,0,0,1,0,0,0,0,0,0,1,0,0,0,0,0,0,9,7,29,0,1,0,0,0,1,0,1,0,1,0,0,0,0,0,0,0,0,0,0,0,0,0,0,1,1,1,1,1,0,0,0,0,0,0,1
LTU,0,.62222224,0,0,8.2374792,0,0,0,0,80,0,0,0,0,0,0,5,7,33,-33,5,70,91,58,89,0,0,0,0,0,0,100,0,0,0,0,0,0,0,0,0,0,0,0,0,100,0,0,0,0,0,0,0,0,1,0,1,1,1,0,0,1,0,0,0,1,0,0,0,0,0,0,0,1,1,1,1,1,0,1,1,1,1,1,1
LUX,0,.54944444,0,10,10.28875,0,0,-.014098923,0,93,0,5.8000002,0,0,1,.21666667,9,11,37,-20,5,85,95,58,91,0,0,0,0,0,0,100,1,0,0,0,0,0,0,0,0,0,0,0,0,100,0,0,0,0,0,0,0,0,0,0,1,0,1,0,0,0,0,0,0,0,0,0,0,0,0,0,0,1,1,1,1,1,0,1,1,1,1,1,1
LVA,0,.63333333,0,0,8.154788,0,0,0,0,18.200001,.0099999998,67.690002,0,0,0,0,4,7,33,-33,5,70,91,58,89,0,0,0,0,0,0,100,0,0,0,0,0,0,0,0,0,0,0,0,0,100,0,0,0,0,0,0,0,0,1,0,1,1,1,0,0,0,0,0,0,1,0,0,0,0,0,0,0,1,1,1,1,1,0,1,1,1,1,1,1
MAR,1,.35555556,0,7.090909,8.0423784,4.3592696,0,-1.6766466,1,.2,99.400002,.39999849,0,1,1,.34797192,24,27,48,0,12,87,92,59,72,1,0,0,0,0,0,1,0,0,0,0,0,0,0,0,66.639999,51,18.5,.36785799,.35555601,1,1,1,195,1,1,0,78.199997,0,0,0,0,0,0,0,0,0,0,0,0,0,0,0,0,0,0,0,0,0,0,0,0,0,0,0,0,0,0,0,0
MDA,0,.52222222,0,0,7.377759,0,0,0,0,0,0,100,0,0,0,0,10,8,35,-25,9,69,92,50,84,0,0,0,0,0,0,100,1,0,0,0,0,0,0,0,0,0,0,0,0,100,0,0,0,0,0,0,0,0,1,0,1,1,1,0,0,0,0,0,0,1,0,0,0,0,0,0,0,1,1,1,1,1,0,1,1,1,1,1,1
MDG,1,.22222222,0,4.4545455,6.8351846,6.2842088,0,-3.1941831,1,26,1.7,50.299999,0,1,1,.062748641,18,27,35,1,12,85,94,49,71,1,0,0,0,0,0,0,0,0,0,0,0,0,.94999999,1,57.509998,82.5,23.299999,.57096398,.222222,0,3,4,35,0,1,0,536.03998,0,0,0,0,0,0,0,0,0,0,0,0,0,0,0,0,0,0,0,0,0,0,0,0,0,0,0,0,0,0,0,0
MEX,0,.25555557,0,7.5,8.9437675,4.2626801,0,-.83701754,1,94.699997,0,4.1000032,0,0,1,.17407407,16,23,32,-3,9,66,86,26,54,0,1,0,0,0,0,15.000001,0,0,0,13,4,570000,.00042,1,72.18,31,19,.37255001,.25555599,15.000001,1,3,173,0,1,0,71,0,0,0,0,0,0,0,0,0,0,0,0,0,0,0,0,0,0,0,0,0,0,0,0,0,0,0,0,0,0,0,0
MKD,0,.4611111,0,0,8.0614872,0,0,0,0,.5,30.1,68.400002,0,0,0,0,10,20,41,-22,7,70,94,46,76,0,0,0,0,0,0,100,1,0,0,0,0,0,0,0,0,0,0,0,0,100,0,0,0,0,0,0,0,0,1,0,1,1,1,0,0,0,0,0,0,1,0,0,0,0,0,0,0,1,1,1,1,1,0,1,1,1,1,1,1
MLI,1,.18888889,0,4,6.5652652,7.986165,0,-3.3524072,1,.69999999,80,19.1,0,1,1,.80856913,29,36,47,8,19,33,94,18,73,0,1,0,0,1,0,0,1,0,0,0,0,0,.94050002,1,53.299999,118,29.299999,0,.188889,0,0,3,35,0,1,0,2940,0,0,0,0,0,0,0,0,0,0,0,0,0,0,0,0,0,0,0,0,0,0,0,0,0,0,0,0,0,0,0,0
MLT,0,.39444444,0,7.2272725,9.427063,2.7911651,0,-.77002823,1,97.300003,0,2.1999969,1,0,1,.10333333,23,22,40,5,18,71,78,59,68,0,0,0,0,0,0,100,0,0,0,0,0,0,0,0,0,0,0,0,0,0,0,0,0,0,0,1,16.299999,0,0,0,0,0,0,0,0,0,0,0,0,0,0,0,0,0,0,0,1,1,1,1,1,1,1,1,1,1,1,1,0
MMR,0,.24444444,0,5.7727275,0,3.5438535,1,-3.5404594,0,.89999998,3.5999999,92.300003,1,0,0,.38396853,28,34,41,13,22,71,89,52,88,0,0,0,0,0,0,0,0,0,0,0,0,0,.65436,1,0,0,0,0,0,0,8,7,47,0,1,0,34.599998,0,0,1,0,0,1,0,0,0,0,0,0,0,0,0,0,0,0,0,0,1,1,1,1,1,0,0,0,0,0,0,0
MNG,0,.51111114,0,7.3636365,7.2997975,0,1,0,0,0,1.4,98.599998,0,0,0,.073743872,-4,-6,36,-44,1,64,88,40,75,0,0,1,0,0,0,0,1,0,0,0,0,0,0,0,0,0,0,0,0,0,0,0,0,0,0,0,0,0,0,0,1,1,1,0,0,0,0,0,0,0,0,0,0,0,0,0,0,1,1,1,1,1,0,1,1,1,1,1,1
MOZ,1,.20166667,0,6.5,6.4614682,0,0,-3.2441936,0,31.4,13,48.799999,0,0,1,.78633273,27,34,46,7,17,65,75,57,67,1,0,0,0,0,0,3,0,0,0,0,0,0,.94999999,1,0,0,0,0,0,2.5,0,2,20,0,1,0,0,0,0,0,1,0,1,0,0,0,0,0,0,0,0,0,0,0,0,0,0,1,1,1,1,1,0,0,0,0,0,0,1
MRT,1,.22222222,0,0,7.4145727,5.6347895,0,-2.9957323,0,.30000001,99.400002,.29999846,0,1,1,.27000001,27,36,46,7,22,51,88,30,69,0,1,0,0,0,0,0,0,0,0,0,0,0,.75999999,1,0,0,0,0,0,0,2,5,35,0,1,0,280,0,1,0,0,0,1,0,0,0,0,0,0,0,0,0,0,0,0,0,0,1,1,1,1,1,0,0,0,0,0,0,0
MUS,1,.22411111,0,0,9.0536861,3.4177268,0,-1.3394108,0,31.200001,16.4,51.5,1,0,1,.70848483,23,27,35,10,18,80,90,56,74,0,0,0,0,0,0,5,0,0,0,0,0,0,0,1,0,0,0,0,0,5,9,7,27,0,1,0,30.5,0,1,0,0,0,1,0,0,0,0,0,0,0,0,0,0,0,0,0,0,1,1,1,1,1,0,0,0,0,0,0,0
MWI,1,.14777778,0,6.818182,6.4614682,0,0,-3.5065579,0,27.6,16.200001,24.699999,1,0,0,.6224373,19,28,34,-1,13,50,89,28,66,0,0,0,0,0,0,0,0,0,0,0,0,0,.94999999,1,0,0,0,0,0,2.7,0,1,31,0,1,0,0,0,0,0,1,0,1,0,0,0,0,0,0,0,0,0,0,0,0,0,0,1,1,1,1,1,0,0,0,0,0,0,1
MYS,0,.025555555,0,7.9545455,8.8942585,2.8735647,1,-1.3205067,1,2.8,49.400002,46.399998,1,0,0,.6103704,28,35,37,18,21,95,97,58,66,0,0,0,0,0,0,0,0,0,0,0,0,192000,.23331,1,72,11.4,26.700001,.79440701,.025556,0,10,7,38,0,1,0,17.700001,0,0,0,0,0,0,0,0,0,0,0,0,0,0,0,0,0,0,0,0,0,0,0,0,0,0,0,0,0,0,0,0
NAM,1,.24444444,0,0,8.5151911,0,0,-1.6398971,0,19.1,0,16.700003,1,0,0,.72833335,18,25,36,-4,9,27,62,11,35,1,1,0,0,0,0,0,0,0,0,0,0,0,.57950002,1,0,0,0,0,0,0,9,3,5,0,1,0,0,0,1,0,1,0,1,0,0,0,0,0,0,0,0,0,0,0,0,0,0,1,1,1,1,1,0,0,0,0,0,0,1
NER,1,.17777778,0,5,6.7334018,5.9914646,0,-3.5404594,1,.2,87.900002,11.899999,0,1,1,.73291427,29,38,46,8,19,26,91,11,68,0,1,0,0,0,0,0,1,0,0,0,0,0,.94050002,1,48.5,115,28.4,0,.17777801,0,0,3,37,0,1,0,400,0,0,0,0,0,0,0,0,0,0,0,0,0,0,0,0,0,0,0,0,0,0,0,0,0,0,0,0,0,0,0,0
NGA,1,.11111111,0,5.5454545,6.8134446,7.6029005,0,-3.0365543,1,12.1,45,27.099998,1,0,0,.856709,28,34,40,16,21,81,87,65,80,1,0,0,0,1,0,0,0,0,0,0,0,168000,.94999999,1,50.080002,81.099998,26.65065,.097769,.111111,0,8,7,35,0,1,0,2004,0,0,0,0,0,0,0,0,0,0,0,0,0,0,0,0,0,0,0,0,0,0,0,0,0,0,0,0,0,0,0,0
NIC,0,.14444445,0,5.2272725,7.544332,5.0955892,0,-2.0714734,1,94.699997,0,.90000296,0,0,1,.099179566,27,31,34,20,23,80,92,44,70,0,0,0,0,0,0,20,0,0,0,0,0,0,.044,1,67.860001,43.400002,26.633329,.63268602,.144445,20,1,1,157,1,1,0,163.3,0,0,0,0,0,0,0,0,0,0,0,0,0,0,0,0,0,0,0,0,0,0,0,0,0,0,0,0,0,0,0,0
NLD,0,.58111107,0,10,9.896966,0,0,-.21567154,0,42.599998,1,14.000004,0,0,1,.063435376,9,15,34,-20,6,78,89,65,85,0,0,0,0,0,0,100,0,0,0,0,0,9460,0,0,0,0,0,0,0,100,0,0,0,0,0,0,0,0,0,0,1,0,1,0,0,0,0,0,0,0,0,0,0,0,0,0,0,1,1,1,1,1,0,1,1,1,1,1,1
NOR,0,.68888891,0,9.954545,10.023933,0,0,-.2757535,0,.30000001,.1,1.8000046,0,0,0,.069883719,5,11,34,-26,4,68,88,52,85,0,0,0,0,0,0,100,0,0,0,0,0,2040000,0,0,0,0,0,0,0,100,0,0,0,0,0,0,0,0,0,0,1,0,1,0,0,0,0,0,0,0,0,0,0,0,0,0,0,1,1,1,1,1,0,1,1,1,1,1,1
NPL,0,.31111112,0,0,6.937314,0,1,0,0,0,3,97,1,0,0,.44999999,17,24,36,-2,18,68,90,53,84,0,0,0,0,0,0,0,1,0,0,0,0,0,.048,1,0,0,0,0,0,0,1,1,195,1,1,0,0,0,1,0,1,1,1,0,0,0,0,0,0,0,0,0,0,0,0,0,0,1,1,1,1,1,0,0,0,0,0,0,1
NZL,0,.45555556,1,9.727273,9.7561474,2.1459312,0,-.33267942,1,18.700001,0,43.399998,1,0,0,.14756992,15,19,31,-2,5,73,81,67,78,0,0,0,0,0,0,91.699997,0,0,0,0,0,48300,0,0,76.900002,6.8000002,12.8,.95948797,.45555601,93,10,7,138,10,7,1,8.5500002,0,0,0,0,0,0,0,0,0,0,0,0,0,0,0,0,0,0,0,0,0,0,0,0,0,0,0,0,0,0,0,0
OMN,0,.23333333,0,7.1363635,9.2083387,0,1,-.85802186,0,.1,98.900002,.89999849,0,0,1,0,29,31,47,11,26,58,82,60,80,0,0,0,0,0,0,0,0,0,0,0,0,2670000,.63382,0,0,0,0,0,0,0,0,0,0,0,0,0,0,0,0,0,1,0,1,0,0,0,0,0,0,1,0,0,0,0,0,0,0,1,1,1,1,1,0,1,1,1,1,1,1
PAK,0,.33333334,0,6.0454545,7.3524413,3.6106477,1,-2.0557249,1,.5,96.800003,1.899997,1,0,0,.62155986,22,24,48,-4,17,19,54,19,54,1,1,0,0,0,0,0,0,0,0,0,0,3220,.53757,1,63.950001,74.099998,23.5,.094195999,.33333299,0,1,1,48,0,1,0,36.990002,0,0,0,0,0,0,0,0,0,0,0,0,0,0,0,0,0,0,0,0,0,0,0,0,0,0,0,0,0,0,0,0
PAN,0,.1,0,5.909091,8.8363743,5.0955892,0,-1.5005835,1,85,4.5,5.3000002,0,0,1,.19083333,27,34,36,17,21,81,91,78,92,0,0,0,0,0,0,20,0,0,0,0,0,0,.08004,1,73.599998,21.4,27.5,1,.1,20,0,3,92,0,1,0,163.3,0,0,0,0,0,0,0,0,0,0,0,0,0,0,0,0,0,0,0,0,0,0,0,0,0,0,0,0,0,0,0,0
PER,0,.11111111,0,5.7727275,8.3961544,4.2626801,0,-1.4396951,1,95.099998,0,2.2000015,0,0,1,.43159091,22,26,34,9,16,92,95,64,80,0,1,0,0,0,0,30.000002,0,0,0,9,5,16600,.00050000002,0,68.32,45,20.5,.173208,.111111,30.000002,1,1,174,4,3,0,71,0,0,0,0,0,0,0,0,0,0,0,0,0,0,0,0,0,0,0,0,0,0,0,0,0,0,0,0,0,0,0,0
PHL,0,.14444445,0,5.4545455,8.0986433,0,1,-2.0714734,0,84.099998,4.3000002,7.8000011,0,0,1,.72382069,27,34,38,14,22,85,93,55,74,0,0,0,0,0,0,1,0,0,0,0,0,2220,.61699998,0,0,0,0,0,0,1,6,3,60,0,1,0,0,0,0,0,1,0,1,0,0,0,0,0,0,0,0,0,0,0,0,0,0,1,1,1,1,1,0,0,0,0,0,0,1
PNG,0,.06666667,0,7.2727275,0,5.1357985,1,-2.5510464,0,32.799999,0,8.7999992,1,0,0,.80272728,28,32,37,18,21,72,78,69,78,0,0,0,0,0,0,0,0,0,0,0,0,81500,.60987997,0,0,0,0,0,0,0,10,7,19,0,1,0,170,0,0,1,0,0,1,0,0,0,0,0,0,0,0,0,0,0,0,0,0,1,1,1,1,1,0,0,0,0,0,0,0
POL,0,.5777778,0,7.681818,8.6552143,0,0,-1.4354845,0,81,0,18.9,0,0,0,.039049234,7,11,35,-29,7,80,93,56,87,0,0,0,0,0,0,100,0,0,0,0,2,1100,0,0,0,0,0,0,0,100,0,0,0,0,0,0,0,0,0,0,1,0,1,0,0,0,0,0,0,0,0,0,0,0,0,0,0,1,1,1,1,1,0,1,1,1,1,1,1
PRK,0,.44444445,0,0,0,0,0,0,0,0,0,100,0,0,0,0,9,-3,29,-13,20,63,80,63,80,0,0,0,0,0,0,0,0,0,0,0,3,0,0,0,0,0,0,0,0,0,0,0,0,0,0,0,0,0,1,1,1,1,1,0,0,0,0,0,0,1,0,0,0,0,0,0,0,1,1,1,1,1,0,1,1,1,1,1,1
PRT,0,.43666667,0,9.181818,9.4894857,0,0,-1.0051219,0,94.099998,0,4.8000016,0,0,1,.0024999999,20,21,40,-1,13,62,85,48,72,0,0,0,0,0,0,100,0,0,0,0,0,0,0,0,0,0,0,0,0,100,0,0,0,0,0,0,0,0,0,0,1,0,1,0,0,0,0,0,0,0,0,0,0,0,0,0,0,1,1,1,1,1,0,1,1,1,1,1,1
PRY,0,.25555557,0,6.9545455,8.2079468,4.3579903,0,-1.7719568,1,96,0,2.0999999,0,0,1,.41111112,22,37,43,-2,12,73,89,48,62,0,0,0,0,0,0,25,1,0,0,0,0,0,0,0,69.610001,39.200001,23,0,.25555599,25,0,1,184,1,2,0,78.099998,0,0,0,0,0,0,0,0,0,0,0,0,0,0,0,0,0,0,0,0,0,0,0,0,0,0,0,0,0,0,0,0
QAT,0,.28111109,0,7.7272725,9.6853313,0,1,0,0,1.2,92.400002,5.4999986,1,0,1,0,26,29,48,3,23,61,82,59,65,0,0,0,0,0,0,0,0,0,0,0,0,7630000,0,0,0,0,0,0,0,0,0,0,0,0,0,0,0,0,0,0,1,1,1,0,0,0,0,0,0,1,0,0,0,0,0,0,0,1,1,1,1,1,0,1,1,1,1,1,1
ROM,0,.51111114,0,7.2727275,8.387085,0,0,-2.1803675,0,4.9000001,1.2,88.099998,0,0,0,.12204424,8,16,41,-32,8,58,89,58,89,0,0,0,0,0,0,100,0,0,0,0,0,68000,0,0,0,0,0,0,0,100,0,0,0,0,0,0,0,0,0,0,1,0,1,0,0,0,0,0,0,0,0,0,0,0,0,0,0,1,1,1,1,1,0,1,1,1,1,1,1
RUS,0,.66666669,0,8.454545,8.4051437,0,0,-.87466908,0,1.4,11.3,87.300003,0,0,0,0,3,2,32,-32,5,58,87,43,83,0,0,1,1,0,0,100,0,0,0,0,0,0,0,0,0,0,0,0,0,100,0,0,0,0,0,0,0,0,0,0,1,0,1,0,0,0,0,0,0,1,0,0,0,0,0,1,0,1,1,1,1,1,0,1,1,1,1,1,1
RWA,1,.022222223,0,0,6.4769726,5.6347895,0,-3.1465552,0,55.599998,8.6000004,24.200001,0,0,1,.060862068,20,24,27,12,14,59,83,59,83,0,0,0,0,0,0,0,1,0,0,0,0,0,.94999999,1,0,0,0,0,0,0,1,1,34,0,1,0,280,0,1,0,0,0,1,0,0,0,0,0,0,0,0,0,0,0,0,0,0,1,1,1,1,1,0,0,0,0,0,0,0
SAU,0,.27777779,0,7.590909,9.2398996,0,1,-.638659,0,.1,98.800003,.99999696,0,0,0,0,23,30,45,-7,19,33,65,19,44,0,1,0,0,0,0,0,0,0,0,0,0,15700000,.10494,0,0,0,0,0,0,0,0,0,0,0,0,0,0,0,0,0,1,0,1,0,0,0,0,0,0,1,0,0,0,0,0,0,0,1,1,1,1,1,0,1,1,1,1,1,1
SDN,1,.16666667,0,4,7.3065314,4.4796071,0,-2.7030625,1,4.4000001,73,22.5,1,0,0,.51218003,29,40,48,5,19,18,67,10,41,0,1,0,0,1,0,0,0,0,0,0,0,10900,.93099999,1,54.970001,70.900002,28.5,.023229999,.166667,0,8,7,41,0,1,0,88.199997,0,0,0,0,0,0,0,0,0,0,0,0,0,0,0,0,0,0,0,0,0,0,0,0,0,0,0,0,0,0,0,0
SEN,1,.15555556,0,6,7.4024515,5.1038828,0,-2.6310892,1,5.5999999,91,3.3000002,0,1,1,.7788682,28,35,43,12,21,70,88,45,74,0,1,0,0,1,0,0,0,0,0,0,0,0,.94999999,1,52.32,63.200001,27.200001,.244762,.15555599,0,3,3,35,0,1,0,164.66,0,0,0,0,0,0,0,0,0,0,0,0,0,0,0,0,0,0,0,0,0,0,0,0,0,0,0,0,0,0,0,0
SGP,0,.013555556,0,9.318182,10.146434,2.8735647,1,-.50087529,1,4.6999998,17.4,75.300003,1,0,0,.3215287,28,33,36,19,21,76,82,70,78,0,0,0,0,0,0,0,0,0,0,0,0,0,0,1,77.099998,4.9000001,27.1,1,.013556,4,8,7,36,0,1,0,17.700001,0,0,0,0,0,0,0,0,0,0,0,0,0,0,0,0,0,0,0,0,0,0,0,0,0,0,0,0,0,0,0,0
SLE,1,.092222221,0,5.818182,6.253829,6.1800165,0,-2.748872,1,2.2,39.400002,53.599998,1,0,0,.81295663,25,31,33,13,20,73,83,70,79,1,0,0,0,0,0,0,0,0,0,0,0,0,.94999999,1,37.240002,170,26.200001,.46618599,.092221998,0,0,0,0,0,0,0,483,0,0,0,0,0,0,0,0,0,0,0,0,0,0,0,0,0,0,0,0,0,0,0,0,0,0,1,1,1,1,1,0
SLV,0,.15000001,0,5,7.9480319,4.3579903,0,-1.8515095,1,96.199997,0,1.400003,0,0,1,.051428571,9,20,42,-25,8,71,85,46,76,0,0,0,0,0,0,20,0,0,0,0,0,0,0,1,69.129997,32,23.571011,1,.15000001,20,0,3,157,0,3,0,78.099998,0,0,0,0,0,0,0,0,0,0,0,0,0,0,0,0,0,0,0,0,0,0,0,0,0,0,1,0,0,1,0,0
SOM,1,.11111111,0,3,0,0,0,-3.0159349,0,0,99.800003,.19999695,1,0,0,.079116009,28,30,36,15,21,78,85,75,80,1,1,0,0,0,0,0,0,0,0,0,0,0,.94999999,1,0,0,0,0,0,0,7,7,35,0,1,0,0,0,0,1,1,0,1,0,0,0,0,0,0,0,0,0,0,0,0,0,0,1,1,1,1,1,0,0,0,0,0,0,1
STP,0,.011111111,0,8.409091,0,0,0,0,0,92.400002,0,5.3999987,0,0,1,0,19,22,44,-6,15,51,83,34,66,0,0,0,0,0,0,100,0,0,0,0,0,0,0,1,0,0,0,0,0,100,0,0,0,0,0,0,0,0,0,1,1,1,1,0,0,0,0,0,0,0,0,0,0,0,0,0,1,1,1,1,1,1,0,1,1,1,1,1,1
SUR,0,.044444446,0,4.681818,8.0100002,3.4713452,0,-1.3704209,0,36,13,14.400002,0,0,1,.75,27,33,37,17,19,87,92,66,80,0,0,0,0,0,0,1,0,0,0,0,0,0,.24699999,1,0,0,0,0,0,1,0,0,0,0,1,0,32.18,0,0,0,0,0,1,0,0,0,0,0,0,0,0,0,0,0,0,0,0,1,1,1,1,1,0,1,1,1,1,0,0
SVK,0,.53777778,0,0,8.8522358,0,0,0,0,74,0,17.6,0,0,0,0,6,10,39,-27,4,74,90,51,82,0,0,0,0,0,0,100,1,0,0,0,0,0,0,0,0,0,0,0,0,100,0,0,0,0,0,0,0,0,1,0,1,1,1,0,0,0,0,0,0,1,0,0,0,0,0,1,0,1,1,1,1,1,0,1,1,1,1,1,1
SVN,0,.51111114,0,0,9.3001814,0,0,0,0,71.400002,1.5,27.099998,0,0,0,0,0,0,0,0,0,0,0,0,0,0,0,0,0,0,0,100,0,0,0,0,0,0,0,0,0,0,0,0,0,0,0,0,0,0,0,0,0,0,1,0,1,1,1,0,0,0,0,0,0,1,1,0,1,0,1,1,0,1,1,1,1,1,1,1,1,1,1,1,1
SWE,0,.68888891,0,9.5,9.8663044,0,0,-.23952703,0,1.4,.1,30.099998,0,0,0,.065036766,6,10,35,-28,8,66,89,53,86,0,0,0,0,0,0,100,0,0,3,0,0,0,0,0,0,0,0,0,0,100,0,0,0,0,0,0,0,0,0,0,1,0,1,0,0,0,0,0,0,0,0,0,0,0,0,0,0,1,1,1,1,1,0,1,1,1,1,1,1
SWZ,1,.2922222,0,0,8.1077204,0,0,-1.8078889,0,10.8,.1,55.199997,1,0,0,0,0,0,0,0,0,0,0,0,0,0,0,0,0,0,0,0,1,0,0,0,0,0,.85499996,1,0,0,0,0,0,0,3,2,27,0,1,0,0,0,1,0,1,0,1,0,0,0,0,0,0,0,1,0,1,0,1,1,0,1,1,1,1,1,0,0,0,0,0,0,1
SYR,0,.3888889,0,5.818182,8.0294333,0,1,-.82553637,0,1.3,89.599998,8.9000015,0,1,1,.094791964,20,21,45,-6,13,43,81,19,59,0,1,0,0,0,0,0,0,0,0,0,0,123000,.097999997,0,0,0,0,0,0,0,0,0,0,0,0,0,0,0,0,0,1,0,1,0,0,0,0,0,0,0,0,0,0,0,0,0,0,1,1,1,1,1,0,1,1,1,1,1,1
TCD,1,.16666667,0,0,6.8351846,5.6347895,0,-3.4420192,0,21,44,23.4,0,1,1,.66620034,28,36,46,8,19,32,93,10,72,0,1,0,0,0,0,0,1,0,0,0,0,0,.94050002,1,0,0,0,0,0,0,0,1,35,0,1,0,280,0,1,0,0,0,1,0,0,0,0,0,0,0,0,0,0,0,0,0,0,1,1,1,1,1,0,0,0,0,0,0,0
TGO,1,.088888891,0,6.909091,7.2225661,6.5042882,0,-3.2188759,1,29.299999,17,47.599998,0,1,1,.72848684,27,32,38,15,21,95,97,61,77,1,0,0,0,1,0,0,0,0,0,0,0,0,.94999999,1,48.84,83.900002,26.799999,.16768999,.088889003,0,0,3,35,0,1,0,668,0,0,0,0,0,0,0,0,0,0,0,0,0,0,0,0,0,0,0,0,0,0,0,0,0,0,0,0,0,0,0,0
THA,0,.16666667,0,7.6363635,8.774931,4.9416423,1,-1.8515095,0,.40000001,3.9000001,95.5,0,0,0,.35694879,28,37,41,11,22,90,94,53,70,0,0,0,0,0,0,0,0,0,0,0,0,4260,.35615999,0,0,0,0,0,0,0,0,0,0,0,0,0,140,0,0,0,0,0,1,0,0,0,0,0,0,0,0,0,0,0,0,0,0,1,1,1,1,1,0,1,1,1,1,1,0
TJK,0,.43333334,0,0,6.8875527,0,1,0,0,0,85,15,0,0,0,0,13,19,41,-28,9,59,82,32,63,1,1,0,0,0,0,0,1,0,0,0,0,0,0,0,0,0,0,0,0,0,0,0,0,0,0,0,0,0,1,0,1,1,1,0,0,0,0,0,0,1,0,0,0,1,0,0,0,1,1,1,1,1,1,1,1,1,1,1,1
TKM,0,.44444445,0,0,7.6401234,0,1,0,0,0,87,13,0,0,0,0,14,16,42,-17,14,52,77,41,69,1,0,0,0,0,0,0,1,0,0,0,0,0,0,0,0,0,0,0,0,0,0,0,0,0,0,0,0,0,1,0,1,1,1,0,0,0,0,0,0,1,0,0,0,1,0,0,0,1,1,1,1,1,1,1,1,1,1,1,1
TTO,0,.12222222,0,7.4545455,8.7687302,4.4426513,0,-.69715524,1,35.799999,6.5,44.5,1,0,0,.23126984,26,35,38,11,16,83,89,61,76,0,0,0,0,0,0,40,0,0,0,0,0,442000,0,1,73.800003,14.5,25.9,1,.122222,40,8,7,33,0,1,0,85,0,0,0,0,0,0,0,0,0,0,0,0,0,0,0,0,0,0,0,0,0,0,0,0,0,0,0,0,0,0,0,0
TUN,1,.37777779,0,6.4545455,8.4826021,4.1431346,0,-1.5278579,1,.1,99.400002,.49999848,0,1,1,.070252195,24,25,48,-1,11,72,86,40,64,1,0,0,0,0,0,0,0,0,0,0,0,198000,0,0,69.5,30.299999,19.6,.479655,.37777799,3,0,1,36,0,1,0,63,0,0,0,0,0,0,0,0,0,0,0,0,0,0,0,0,0,0,0,0,0,0,0,0,0,0,0,0,0,0,0,0
TUR,0,.43333334,0,7.4545455,8.6411791,0,1,-1.5232602,0,.1,99.199997,.70000303,0,0,1,.16356839,9,15,38,-25,7,54,86,25,71,0,1,0,0,0,0,0,0,0,0,0,0,7970,0,0,0,0,0,0,0,0,0,0,0,0,0,0,0,0,0,0,1,0,1,0,0,0,0,0,0,0,0,0,0,0,0,0,0,1,1,1,1,1,0,1,1,1,1,1,1
TWN,0,0,0,9.227273,0,0,1,-.809681,0,0,0,0,0,0,0,0,21,30,38,0,19,90,93,62,75,0,0,0,0,0,0,0,0,0,0,0,0,0,0,0,0,0,0,0,0,0,0,0,0,0,0,0,0,1,0,1,1,0,1,1,1,1,1,1,1,1,0,0,0,0,0,0,0,1,1,1,1,1,0,1,1,1,1,1,1
TZA,1,.06666667,0,6.6363635,6.253829,5.6347895,0,-3.4420192,1,28.200001,32.5,28.099998,0,0,0,.89024693,22,31,36,8,16,70,84,36,56,0,0,0,0,0,0,0,0,0,0,0,0,0,.92150003,1,47.919998,81.5,25.09024,.088188998,.066666998,0,0,3,33,0,1,0,145,0,0,0,0,0,0,0,0,0,0,0,0,0,0,0,0,0,0,0,0,0,0,0,0,0,0,0,0,0,0,0,0
UGA,1,.011111111,0,4.4545455,6.9660244,5.6347895,0,-3.4420192,1,49.599998,6.5999999,41.900002,1,0,0,.83579069,24,29,36,12,15,78,89,54,72,0,0,0,0,1,0,0,1,0,0,0,0,0,.94999999,1,39.639999,107,21.57432,0,.011111,0,7,7,33,0,1,0,280,0,0,0,0,0,0,0,0,0,0,0,0,0,0,0,0,0,0,0,0,0,0,0,0,0,0,0,0,0,0,0,0
UKR,0,.54444444,0,0,7.8119736,0,0,0,0,0,0,100,0,0,0,0,5,8,35,-25,9,69,92,50,84,0,0,0,0,0,0,100,0,0,0,0,0,0,0,0,0,0,0,0,0,100,0,0,0,0,0,0,0,0,1,0,1,1,1,0,0,0,0,0,0,1,0,0,0,0,0,1,0,1,1,1,1,1,0,1,1,1,1,1,1
URY,0,.36666667,0,7,9.0312138,4.2626801,0,-1.0788096,1,59.5,0,38.599998,0,0,1,.06666667,20,26,43,-4,8,73,89,52,69,0,0,0,0,0,0,90,0,0,0,0,0,0,0,0,73.93,17.5,18.4,.31232899,.366667,60.000004,1,1,165,1,1,0,71,0,0,0,0,0,0,0,0,0,0,0,0,0,0,0,0,0,0,0,0,0,0,0,0,0,0,0,0,0,0,0,0
USA,0,.42222223,1,10,10.21574,2.7080503,0,0,1,30,.80000001,25.600002,1,0,0,.20903142,27,32,37,15,21,62,70,59,68,0,0,0,0,0,0,83.600006,0,11,6,11,13,95700,0,1,76.699997,7.0999999,11.2,.111732,.42222199,87.5,7,7,195,10,7,0,15,0,0,0,0,0,0,0,0,0,0,0,0,0,0,0,0,0,0,0,0,0,0,0,0,0,0,0,0,0,0,0,0
UZB,0,.45555556,0,0,7.8079166,0,1,0,0,0,88,12,0,0,0,0,13,16,42,-17,14,52,77,41,69,0,1,0,0,0,0,0,0,0,0,0,0,0,0,0,0,0,0,0,0,0,0,0,0,0,0,0,0,0,1,0,1,1,1,0,0,0,0,0,0,1,0,0,0,1,0,0,0,1,1,1,1,1,1,1,1,1,1,1,1
VEN,0,.088888891,0,7.1363635,9.0710783,4.3579903,0,-.70319748,1,94.800003,0,4.1999969,0,0,1,.052499998,20,28,33,7,12,78,84,60,63,1,1,0,0,0,0,20,0,0,2,0,0,3040000,.0070400001,1,72.410004,20.9,24.799999,.24440899,.088889003,20,1,1,165,1,3,0,78.099998,0,0,0,0,0,0,0,0,0,0,0,0,0,0,0,0,0,0,0,0,0,0,0,0,0,0,0,0,0,0,0,0
VNM,0,.17777778,0,6.409091,7.2793188,4.9416423,1,0,1,3.9000001,1,94.900002,0,1,1,.11764706,25,33,43,6,22,74,83,67,76,0,0,0,0,0,0,0,0,0,0,0,0,7140,.70109999,1,67.389999,38.200001,25.55714,.57028198,.17777801,0,0,1,41,0,1,0,140,0,0,0,0,1,0,0,0,0,0,0,0,0,0,0,0,0,0,0,0,0,0,0,0,0,0,0,0,0,0,0,0
YEM,0,.16666667,0,6.3636365,6.6463904,0,1,-1.551169,0,0,99.5,.40000001,0,0,1,.0122,30,31,41,19,24,63,79,52,69,0,0,0,0,0,0,0,0,0,0,0,0,309000,.76788002,0,0,0,0,0,0,0,0,0,0,0,0,0,0,0,0,0,1,0,1,0,0,0,0,0,0,0,0,0,0,0,0,0,0,1,1,1,1,1,0,1,1,1,1,1,1
YUG,0,.48888889,0,6.318182,0,0,0,-1.2039728,0,4,19,76,0,0,0,.27777779,0,0,0,0,0,0,0,0,0,0,0,0,0,0,0,100,0,0,0,0,0,0,0,0,0,0,0,0,0,100,0,0,0,0,0,0,0,0,0,1,1,0,1,0,0,0,0,0,0,0,1,0,1,0,1,1,0,1,1,1,1,1,0,1,1,1,1,1,1
ZAF,1,.32222223,0,6.8636365,8.885994,2.74084,0,-1.3862944,1,10.4,1.3,49.299999,1,0,0,.83098179,19,29,39,-2,7,71,91,54,67,1,0,0,0,0,1,16,0,47,4,0,2,0,.1045,0,54.73,59.200001,17.700001,.19633,.32222199,22,3,3,139,3,3,0,15.5,0,0,0,0,0,0,0,0,0,0,0,0,0,0,0,0,0,0,0,0,0,0,0,0,0,0,0,0,0,0,0,0
ZAR,1,0,0,3.5,6.8669333,5.480639,0,-3.4112477,1,48.400002,1.4,21.199999,0,0,1,.87225288,25,32,36,14,19,88,95,61,73,0,0,0,0,0,0,0,0,0,0,0,3,4540,.94999999,1,50.790001,90.199997,23.354549,.0039869999,0,8,0,1,35,0,1,0,240,0,0,0,0,0,0,0,0,0,0,0,0,0,0,0,0,0,0,0,0,0,0,0,0,0,0,0,0,0,0,0,0
ZMB,1,.16666667,0,6.6363635,6.8134446,0,0,-2.9759297,0,26.200001,.30000001,41.599998,1,0,0,.82939768,21,28,38,4,14,39,85,19,71,1,0,0,0,0,0,0,1,0,0,0,0,0,.94999999,1,0,0,0,0,0,3,4,3,31,0,1,0,0,0,0,0,1,0,1,0,0,0,0,0,0,0,0,0,0,0,0,0,0,1,1,1,1,1,0,0,0,0,0,0,1
ZWE,1,.22222222,0,6,7.6962128,0,0,-2.7333682,0,14.4,.89999998,63.299999,1,0,0,.59863639,18,26,35,0,9,43,77,26,57,1,0,0,0,0,0,4,0,0,0,0,0,0,.60799998,1,0,0,0,0,0,7.1999998,7,7,72,0,1,0,0,0,0,0,1,0,1,0,0,0,0,0,0,0,0,0,0,0,0,0,0,1,1,1,1,1,0,0,0,0,0,0,1
